<?xml version="1.0" encoding="UTF-8"?>
<metadata xml:lang="en"><Esri><CreaDate>20150114</CreaDate><CreaTime>14222500</CreaTime><SyncOnce>FALSE</SyncOnce><DataProperties><lineage><Process Name="Create Feature Class" ToolSource="U:\Program Files\ArcGIS\ArcToolbox\Toolboxes\Data Management Tools.tbx\CreateFeatureclass" Date="20050921" Time="090532" export="">CreateFeatureclass H:\usb_drives\ArcticAtlas\CAVM\cavm_test.mdb\DissolvedData merged # iceland_Layer SAME_AS_TEMPLATE SAME_AS_TEMPLATE "PROJCS['Sphere_ARC_INFO_Lambert_Azimuthal_Equal_Area',GEOGCS['GCS_Sphere_ARC_INFO',DATUM['D_Sphere_ARC_INFO',SPHEROID['Sphere_ARC_INFO',6370997.0,0.0]],PRIMEM['Greenwich',0.0],UNIT['Degree',0.0174532925199433]],PROJECTION['Lambert_Azimuthal_Equal_Area'],PARAMETER['False_Easting',0.0],PARAMETER['False_Northing',0.0],PARAMETER['Central_Meridian',-180.0],PARAMETER['Latitude_Of_Origin',90.0],UNIT['Meter',1.0]];-110000000.000000 -110000000.000000 10.000000;0.000000 100000.000000;0.000000 100000.000000" # 0 0 0 H:\usb_drives\ArcticAtlas\CAVM\cavm_test.mdb\DissolvedData\merged</Process><Process Name="Append" ToolSource="U:\Program Files\ArcGIS\ArcToolbox\Toolboxes\Data Management Tools.tbx\Append" Date="20050921" Time="090532" export="">Append iceland_Layer H:\usb_drives\ArcticAtlas\CAVM\cavm_test.mdb\DissolvedData\merged TEST H:\usb_drives\ArcticAtlas\CAVM\cavm_test.mdb\DissolvedData\merged</Process><Process Name="FeatureClassToFeatureClass_9" ToolSource="U:\Program Files\ArcGIS\ArcToolbox\Toolboxes\Conversion Tools.tbx\FeatureClassToFeatureClass" Date="20050921" Time="090533" export="">FeatureClassToFeatureClass H:\usb_drives\ArcticAtlas\CAVM\cavm_test.mdb\veg\iceland H:\usb_drives\ArcticAtlas\CAVM\cavm_test.mdb\DissolvedData merged # "AREA AREA HIDDEN;PERIMETER PERIMETER HIDDEN;ICELAND_ ICELAND_ HIDDEN;ICELAND_ID ICELAND_ID HIDDEN;ZONE_ ZONE_ VISIBLE;PHYTO PHYTO VISIBLE;CHEM CHEM VISIBLE;LAKEAREA LAKEAREA VISIBLE;LAKEPIX LAKEPIX VISIBLE;LAKEPIXCAT LAKEPIXCAT VISIBLE;LANDSCAPE LANDSCAPE VISIBLE;PHYSIOG PHYSIOG VISIBLE;ILUM ILUM VISIBLE;Shape_Length Shape_Length VISIBLE;Shape_Area Shape_Area VISIBLE" SAME_AS_TEMPLATE SAME_AS_TEMPLATE # 0 H:\usb_drives\ArcticAtlas\CAVM\cavm_test.mdb\DissolvedData\merged</Process><Process Name="Append_10" ToolSource="U:\Program Files\ArcGIS\ArcToolbox\Toolboxes\Data Management Tools.tbx\Append" Date="20050921" Time="090604" export="">Append H:\usb_drives\ArcticAtlas\CAVM\cavm_test.mdb\veg\greenland H:\usb_drives\ArcticAtlas\CAVM\cavm_test.mdb\DissolvedData\merged NO_TEST H:\usb_drives\ArcticAtlas\CAVM\cavm_test.mdb\DissolvedData\merged</Process><Process Name="Append_12" ToolSource="U:\Program Files\ArcGIS\ArcToolbox\Toolboxes\Data Management Tools.tbx\Append" Date="20050921" Time="090929" export="">Append H:\usb_drives\ArcticAtlas\CAVM\cavm_test.mdb\veg\akcan;H:\usb_drives\ArcticAtlas\CAVM\cavm_test.mdb\veg\russia;H:\usb_drives\ArcticAtlas\CAVM\cavm_test.mdb\veg\svalbard H:\usb_drives\ArcticAtlas\CAVM\cavm_test.mdb\DissolvedData\merged NO_TEST H:\usb_drives\ArcticAtlas\CAVM\cavm_test.mdb\DissolvedData\merged</Process><Process Name="Dissolve_14" ToolSource="U:\Program Files\ArcGIS\ArcToolbox\Toolboxes\Data Management Tools.tbx\Dissolve" Date="20050921" Time="092148" export="">Dissolve H:\usb_drives\ArcticAtlas\CAVM\cavm_test.mdb\DissolvedData\mergedCAVM H:\usb_drives\ArcticAtlas\CAVM\cavm_test.mdb\DissolvedData\bioclimate ZONE_ # MULTI_PART</Process><Process ToolSource="c:\program files (x86)\arcgis\desktop10.1\ArcToolbox\Toolboxes\Data Management Tools.tbx\CalculateField" Date="20140527" Time="194659" Name="" export="">CalculateField Circumpolar_Bioclimate_Subzones Data_acces "Arctic Biodiversity Data Service (ABDS)" VB #</Process><Process ToolSource="c:\program files (x86)\arcgis\desktop10.1\ArcToolbox\Toolboxes\Data Management Tools.tbx\CalculateField" Date="20140527" Time="194711" Name="" export="">CalculateField Circumpolar_Bioclimate_Subzones Data_URL "http://www.abds.is" VB #</Process><Process ToolSource="c:\program files (x86)\arcgis\desktop10.1\ArcToolbox\Toolboxes\Data Management Tools.tbx\CalculateField" Date="20140527" Time="194722" Name="" export="">CalculateField Circumpolar_Bioclimate_Subzones Owner "CAFF (www.caff.is)" VB #</Process></lineage><itemProps><itemName Sync="TRUE">Circumpolar_Bioclimate_Subzones</itemName><imsContentType Sync="TRUE" export="False">002</imsContentType><nativeExtBox><westBL Sync="TRUE">-3686992.478353</westBL><eastBL Sync="TRUE">2450904.061808</eastBL><southBL Sync="TRUE">-2575469.378141</southBL><northBL Sync="TRUE">3279996.922018</northBL><exTypeCode Sync="TRUE">1</exTypeCode></nativeExtBox><itemLocation><linkage Sync="TRUE">file://\\MARGRÉT_FORNA\C$\Users\Margrét\Documents\CAFF\MARGRET-DATA_DONE\Ecosystems\Terrestrial\Circumpolar Arctic Vegetation Map (CAVM)\Circumpolar_Bioclimate_Subzones.shp</linkage><protocol Sync="TRUE">Local Area Network</protocol></itemLocation><itemSize Sync="TRUE">2.784</itemSize></itemProps><coordRef><type Sync="TRUE">Projected</type><geogcsn Sync="TRUE">GCS_Sphere_International_1924_Authalic</geogcsn><csUnits Sync="TRUE">Linear Unit: Meter (1.000000)</csUnits><projcsn Sync="TRUE">NSIDC_EASE_Grid_North</projcsn><peXml Sync="TRUE">&lt;ProjectedCoordinateSystem xsi:type='typens:ProjectedCoordinateSystem' xmlns:xsi='http://www.w3.org/2001/XMLSchema-instance' xmlns:xs='http://www.w3.org/2001/XMLSchema' xmlns:typens='http://www.esri.com/schemas/ArcGIS/10.1'&gt;&lt;WKT&gt;PROJCS[&amp;quot;NSIDC_EASE_Grid_North&amp;quot;,GEOGCS[&amp;quot;GCS_Sphere_International_1924_Authalic&amp;quot;,DATUM[&amp;quot;D_Sphere_International_1924_Authalic&amp;quot;,SPHEROID[&amp;quot;Sphere_International_1924_Authalic&amp;quot;,6371228.0,0.0]],PRIMEM[&amp;quot;Greenwich&amp;quot;,0.0],UNIT[&amp;quot;Degree&amp;quot;,0.0174532925199433]],PROJECTION[&amp;quot;Lambert_Azimuthal_Equal_Area&amp;quot;],PARAMETER[&amp;quot;False_Easting&amp;quot;,0.0],PARAMETER[&amp;quot;False_Northing&amp;quot;,0.0],PARAMETER[&amp;quot;Central_Meridian&amp;quot;,0.0],PARAMETER[&amp;quot;Latitude_Of_Origin&amp;quot;,90.0],UNIT[&amp;quot;Meter&amp;quot;,1.0],AUTHORITY[&amp;quot;EPSG&amp;quot;,3408]]&lt;/WKT&gt;&lt;XOrigin&gt;-12742600&lt;/XOrigin&gt;&lt;YOrigin&gt;-12742600&lt;/YOrigin&gt;&lt;XYScale&gt;353428627.3892687&lt;/XYScale&gt;&lt;ZOrigin&gt;-100000&lt;/ZOrigin&gt;&lt;ZScale&gt;10000&lt;/ZScale&gt;&lt;MOrigin&gt;-100000&lt;/MOrigin&gt;&lt;MScale&gt;10000&lt;/MScale&gt;&lt;XYTolerance&gt;0.001&lt;/XYTolerance&gt;&lt;ZTolerance&gt;0.001&lt;/ZTolerance&gt;&lt;MTolerance&gt;0.001&lt;/MTolerance&gt;&lt;HighPrecision&gt;true&lt;/HighPrecision&gt;&lt;WKID&gt;3408&lt;/WKID&gt;&lt;LatestWKID&gt;3408&lt;/LatestWKID&gt;&lt;/ProjectedCoordinateSystem&gt;</peXml></coordRef></DataProperties><SyncDate>20140724</SyncDate><SyncTime>10574000</SyncTime><ModDate>20140724</ModDate><ModTime>10574000</ModTime><ArcGISFormat>1.0</ArcGISFormat><ArcGISstyle>North American Profile of ISO19115 2003</ArcGISstyle><scaleRange><minScale>150000000</minScale><maxScale>5000</maxScale></scaleRange><ArcGISProfile>NAP</ArcGISProfile></Esri><idinfo><native Sync="TRUE">Microsoft Windows XP Version 5.1 (Build 2600) Service Pack 2; ESRI ArcCatalog 9.2.6.1500</native><descript><langdata Sync="TRUE">is</langdata><abstract>REQUIRED: A brief narrative summary of the data set.</abstract><purpose>REQUIRED: A summary of the intentions with which the data set was developed.</purpose></descript><citation><citeinfo><origin>REQUIRED: The name of an organization or individual that developed the data set.</origin><pubdate>REQUIRED: The date when the data set is published or otherwise made available for release.</pubdate><title Sync="TRUE">bioclimate</title><ftname Sync="TRUE">bioclimate</ftname><geoform Sync="TRUE">vector digital data</geoform><onlink Sync="TRUE">\\LENOVO-BB9B4A4D\C$\Documents and Settings\IBM\Desktop\CAFF\GIS\ArcticData\cavm_la.mdb</onlink></citeinfo></citation><timeperd><current>REQUIRED: The basis on which the time period of content information is determined.</current><timeinfo><sngdate><caldate>REQUIRED: The year (and optionally month, or month and day) for which the data set corresponds to the ground.</caldate></sngdate></timeinfo></timeperd><status><progress>REQUIRED: The state of the data set.</progress><update>REQUIRED: The frequency with which changes and additions are made to the data set after the initial data set is completed.</update></status><spdom><bounding><westbc Sync="TRUE">-180.000000</westbc><eastbc Sync="TRUE">180.000000</eastbc><northbc Sync="TRUE">90.000000</northbc><southbc Sync="TRUE">44.430201</southbc></bounding><lboundng><leftbc Sync="TRUE">-2450815.200000</leftbc><rightbc Sync="TRUE">3686858.800000</rightbc><bottombc Sync="TRUE">-3279878.000000</bottombc><topbc Sync="TRUE">2575376.000000</topbc></lboundng></spdom><keywords><theme><themekt>REQUIRED: Reference to a formally registered thesaurus or a similar authoritative source of theme keywords.</themekt><themekey>REQUIRED: Common-use word or phrase used to describe the subject of the data set.</themekey></theme></keywords><accconst>REQUIRED: Restrictions and legal prerequisites for accessing the data set.</accconst><useconst>REQUIRED: Restrictions and legal prerequisites for using the data set after access is granted.</useconst><natvform Sync="TRUE">Personal GeoDatabase Feature Class</natvform></idinfo><dataIdInfo><envirDesc Sync="TRUE"> Version 6.2 (Build 9200) ; Esri ArcGIS 10.1.1.3143</envirDesc><dataLang><languageCode Sync="FALSE" value="eng"/><countryCode value="ISL" Sync="TRUE"/></dataLang><idCitation xmlns=""><resTitle Sync="FALSE">Circumpolar Arctic Vegetation Map (CAVM) - Subzones</resTitle><presForm xmlns=""><PresFormCd Sync="TRUE" value="005"/></presForm><citRespParty xmlns=""><rpIndName>Conservation of Arctic Flora and Fauna (CAFF)</rpIndName><rpOrgName>CAFF</rpOrgName><displayName>CAFF</displayName><rpCntInfo xmlns=""><cntAddress addressType=""><eMailAdd>caff@caff.is</eMailAdd></cntAddress><cntOnlineRes xmlns=""><linkage>http:\\www.abds.is</linkage></cntOnlineRes></rpCntInfo><displayName>Conservation of Arctic Flora and Fauna (CAFF)</displayName><role><RoleCd value="003"></RoleCd></role></citRespParty></idCitation><spatRpType><SpatRepTypCd Sync="TRUE" value="001"/></spatRpType><dataExt xmlns=""><geoEle><GeoBndBox esriExtentType="native"><westBL Sync="TRUE">-2450815.2</westBL><eastBL Sync="TRUE">3686858.8</eastBL><northBL Sync="TRUE">2575376</northBL><southBL Sync="TRUE">-3279878</southBL><exTypeCode Sync="TRUE">1</exTypeCode></GeoBndBox></geoEle></dataExt><geoBox esriExtentType="decdegrees"><westBL Sync="TRUE">-180</westBL><eastBL Sync="TRUE">180</eastBL><northBL Sync="TRUE">90</northBL><southBL Sync="TRUE">44.430201</southBL><exTypeCode Sync="TRUE">1</exTypeCode></geoBox><dataExt xmlns=""><geoEle xmlns=""><GeoBndBox esriExtentType="search"><exTypeCode Sync="TRUE">1</exTypeCode><westBL Sync="TRUE">-180.000000</westBL><eastBL Sync="TRUE">180.000000</eastBL><northBL Sync="TRUE">90.000000</northBL><southBL Sync="TRUE">44.430200</southBL></GeoBndBox></geoEle></dataExt><idAbs>&lt;DIV STYLE="text-align:Left;"&gt;&lt;DIV&gt;&lt;P&gt;&lt;SPAN&gt;The Circumpolar Arctic Vegetation Map (CAVM) project is an international effort to map the vegetation and associated characteristics of the circumpolar region, using a common base map.&lt;/SPAN&gt;&lt;/P&gt;&lt;/DIV&gt;&lt;/DIV&gt;</idAbs><dataChar><CharSetCd value="004"></CharSetCd></dataChar><idPoC xmlns=""><rpIndName>Conservation of Arctic Flora and Fauna (CAFF)</rpIndName><rpOrgName>CAFF</rpOrgName><displayName>CAFF</displayName><rpCntInfo xmlns=""><cntAddress addressType=""><eMailAdd>caff@caff.is</eMailAdd></cntAddress><cntOnlineRes xmlns=""><linkage>http:\\www.abds.is</linkage></cntOnlineRes></rpCntInfo><displayName>Conservation of Arctic Flora and Fauna (CAFF)</displayName><role><RoleCd value="003"/></role><displayName>Conservation of Arctic Flora and Fauna (CAFF)</displayName></idPoC><resMaint xmlns=""><maintFreq><MaintFreqCd value="012"></MaintFreqCd></maintFreq><maintCont xmlns=""><rpIndName>Conservation of Arctic Flora and Fauna (CAFF)</rpIndName><rpOrgName>CAFF</rpOrgName><displayName>CAFF</displayName><rpCntInfo><cntAddress addressType=""><eMailAdd>caff@caff.is</eMailAdd></cntAddress><cntOnlineRes><linkage>http:\\www.abds.is</linkage></cntOnlineRes></rpCntInfo><displayName>Conservation of Arctic Flora and Fauna (CAFF)</displayName><role><RoleCd value="003"/></role><editorSave>False</editorSave><displayName>Conservation of Arctic Flora and Fauna (CAFF)</displayName></maintCont></resMaint><tpCat><TopicCatCd value="007"/></tpCat></dataIdInfo><metainfo><langmeta Sync="TRUE">is</langmeta><metstdn Sync="TRUE">FGDC Content Standards for Digital Geospatial Metadata</metstdn><metstdv Sync="TRUE">FGDC-STD-001-1998</metstdv><mettc Sync="TRUE">local time</mettc><metc><cntinfo><cntorgp><cntper>REQUIRED: The person responsible for the metadata information.</cntper><cntorg>REQUIRED: The organization responsible for the metadata information.</cntorg></cntorgp><cntaddr><addrtype>REQUIRED: The mailing and/or physical address for the organization or individual.</addrtype><city>REQUIRED: The city of the address.</city><state>REQUIRED: The state or province of the address.</state><postal>REQUIRED: The ZIP or other postal code of the address.</postal></cntaddr><cntvoice>REQUIRED: The telephone number by which individuals can speak to the organization or individual.</cntvoice></cntinfo></metc><metd Sync="TRUE">20091029</metd></metainfo><mdLang><languageCode Sync="FALSE" value="eng"/><countryCode value="ISL" Sync="TRUE"/></mdLang><mdStanName Sync="TRUE">ISO 19115 Geographic Information - Metadata</mdStanName><mdStanVer Sync="TRUE">DIS_ESRI1.0</mdStanVer><mdChar><CharSetCd Sync="TRUE" value="004"/></mdChar><mdHrLv><ScopeCd Sync="TRUE" value="005"/></mdHrLv><mdHrLvName Sync="TRUE">dataset</mdHrLvName><distinfo><resdesc Sync="TRUE">Downloadable Data</resdesc></distinfo><distInfo xmlns=""><distributor xmlns=""><distorTran><onLineSrc><orDesc Sync="TRUE">002</orDesc><linkage Sync="TRUE">file://\\LENOVO-BB9B4A4D\C$\Documents and Settings\IBM\Desktop\CAFF\GIS\ArcticData\cavm_la.mdb</linkage><protocol Sync="TRUE">Local Area Network</protocol></onLineSrc></distorTran><distorFormat><formatName Sync="TRUE">Personal GeoDatabase Feature Class</formatName></distorFormat></distributor><distFormat xmlns=""><formatName Sync="TRUE">Shapefile</formatName></distFormat><distTranOps xmlns=""><transSize Sync="TRUE">2.784</transSize></distTranOps></distInfo><spdoinfo><direct Sync="TRUE">Vector</direct><ptvctinf><esriterm Name="Circumpolar_Bioclimate_Subzones"><efeatyp Sync="TRUE">Simple</efeatyp><efeageom code="4" Sync="TRUE"></efeageom><esritopo Sync="TRUE">FALSE</esritopo><efeacnt Sync="TRUE">7</efeacnt><spindex Sync="TRUE">TRUE</spindex><linrefer Sync="TRUE">FALSE</linrefer></esriterm></ptvctinf></spdoinfo><spref><horizsys><cordsysn><geogcsn Sync="TRUE">GCS_Sphere_ARC_INFO</geogcsn><projcsn Sync="TRUE">Sphere_ARC_INFO_Lambert_Azimuthal_Equal_Area</projcsn></cordsysn><planar><planci><plance Sync="TRUE">coordinate pair</plance><plandu Sync="TRUE">meters</plandu><coordrep><absres Sync="TRUE">0.100000</absres><ordres Sync="TRUE">0.100000</ordres></coordrep></planci></planar><geodetic><horizdn Sync="TRUE">D_Sphere_ARC_INFO</horizdn><ellips Sync="TRUE">Sphere_ARC_INFO</ellips><semiaxis Sync="TRUE">6370997.000000</semiaxis><denflat Sync="TRUE">infinity</denflat></geodetic></horizsys><vertdef><altsys><altenc Sync="TRUE">Explicit elevation coordinate included with horizontal coordinates</altenc><altres Sync="TRUE">0.000010</altres></altsys></vertdef></spref><refSysInfo><RefSystem dimension=""><refSysID xmlns=""><identCode Sync="TRUE" code="3408">Sphere_ARC_INFO_Lambert_Azimuthal_Equal_Area</identCode><idCodeSpace Sync="TRUE">EPSG</idCodeSpace><idVersion Sync="TRUE">7.11.2</idVersion></refSysID></RefSystem></refSysInfo><spatRepInfo><VectSpatRep><geometObjs Name="Circumpolar_Bioclimate_Subzones"><geoObjTyp><GeoObjTypCd value="002" Sync="TRUE"></GeoObjTypCd></geoObjTyp><geoObjCnt Sync="TRUE">7</geoObjCnt></geometObjs><topLvl><TopoLevCd value="001" Sync="TRUE"></TopoLevCd></topLvl></VectSpatRep></spatRepInfo><eainfo><detailed Name="Circumpolar_Bioclimate_Subzones"><enttyp><enttypl Sync="TRUE">Circumpolar_Bioclimate_Subzones</enttypl><enttypt Sync="TRUE">Feature Class</enttypt><enttypc Sync="TRUE">7</enttypc></enttyp><attr><attrlabl Sync="TRUE">FID</attrlabl><attalias Sync="TRUE">FID</attalias><attrtype Sync="TRUE">OID</attrtype><attwidth Sync="TRUE">4</attwidth><atprecis Sync="TRUE">0</atprecis><attscale Sync="TRUE">0</attscale><attrdef Sync="TRUE">Internal feature number.</attrdef><attrdefs Sync="TRUE">Esri</attrdefs><attrdomv><udom Sync="TRUE">Sequential unique whole numbers that are automatically generated.</udom></attrdomv></attr><attr><attrlabl Sync="TRUE">OBJECTID</attrlabl><attalias Sync="TRUE">OBJECTID</attalias><attrtype Sync="TRUE">Integer</attrtype><attwidth Sync="TRUE">9</attwidth><atprecis Sync="TRUE">9</atprecis><attscale Sync="TRUE">0</attscale><attrdef Sync="TRUE">Internal feature number.</attrdef><attrdefs Sync="TRUE">ESRI</attrdefs><attrdomv><udom Sync="TRUE">Sequential unique whole numbers that are automatically generated.</udom></attrdomv></attr><attr><attrlabl Sync="TRUE">Shape</attrlabl><attalias Sync="TRUE">Shape</attalias><attrtype Sync="TRUE">Geometry</attrtype><attwidth Sync="TRUE">0</attwidth><atprecis Sync="TRUE">0</atprecis><attscale Sync="TRUE">0</attscale><attrdef Sync="TRUE">Feature geometry.</attrdef><attrdefs Sync="TRUE">ESRI</attrdefs><attrdomv><udom Sync="TRUE">Coordinates defining the features.</udom></attrdomv></attr><attr><attrlabl Sync="TRUE">ZONE_</attrlabl><attalias Sync="TRUE">ZONE_</attalias><attrtype Sync="TRUE">SmallInteger</attrtype><attwidth Sync="TRUE">4</attwidth><atprecis Sync="TRUE">4</atprecis><attscale Sync="TRUE">0</attscale></attr><attr><attrlabl Sync="TRUE">Shape_Leng</attrlabl><attalias Sync="TRUE">Shape_Leng</attalias><attrtype Sync="TRUE">Double</attrtype><attwidth Sync="TRUE">19</attwidth><atprecis Sync="TRUE">0</atprecis><attscale Sync="TRUE">0</attscale></attr><attr><attrlabl Sync="TRUE">Shape_Area</attrlabl><attalias Sync="TRUE">Shape_Area</attalias><attrtype Sync="TRUE">Double</attrtype><attwidth Sync="TRUE">19</attwidth><atprecis Sync="TRUE">0</atprecis><attscale Sync="TRUE">0</attscale><attrdef Sync="TRUE">Area of feature in internal units squared.</attrdef><attrdefs Sync="TRUE">ESRI</attrdefs><attrdomv><udom Sync="TRUE">Positive real numbers that are automatically generated.</udom></attrdomv></attr><attr><attrlabl Sync="TRUE">Contact</attrlabl><attalias Sync="TRUE">Contact</attalias><attrtype Sync="TRUE">String</attrtype><attwidth Sync="TRUE">50</attwidth><atprecis Sync="TRUE">0</atprecis><attscale Sync="TRUE">0</attscale></attr><attr><attrlabl Sync="TRUE">Source</attrlabl><attalias Sync="TRUE">Source</attalias><attrtype Sync="TRUE">String</attrtype><attwidth Sync="TRUE">100</attwidth><atprecis Sync="TRUE">0</atprecis><attscale Sync="TRUE">0</attscale></attr><attr><attrlabl Sync="TRUE">Date_</attrlabl><attalias Sync="TRUE">Date_</attalias><attrtype Sync="TRUE">String</attrtype><attwidth Sync="TRUE">50</attwidth><atprecis Sync="TRUE">0</atprecis><attscale Sync="TRUE">0</attscale></attr><attr><attrlabl Sync="TRUE">Data_acces</attrlabl><attalias Sync="TRUE">Data_acces</attalias><attrtype Sync="TRUE">String</attrtype><attwidth Sync="TRUE">50</attwidth><atprecis Sync="TRUE">0</atprecis><attscale Sync="TRUE">0</attscale></attr><attr><attrlabl Sync="TRUE">Data_URL</attrlabl><attalias Sync="TRUE">Data_URL</attalias><attrtype Sync="TRUE">String</attrtype><attwidth Sync="TRUE">30</attwidth><atprecis Sync="TRUE">0</atprecis><attscale Sync="TRUE">0</attscale></attr><attr><attrlabl Sync="TRUE">Owner</attrlabl><attalias Sync="TRUE">Owner</attalias><attrtype Sync="TRUE">String</attrtype><attwidth Sync="TRUE">50</attwidth><atprecis Sync="TRUE">0</atprecis><attscale Sync="TRUE">0</attscale></attr></detailed></eainfo><mdDateSt Sync="TRUE">20140724</mdDateSt><dataqual><lineage><procstep><procdesc Sync="TRUE">Dataset copied.</procdesc><srcused Sync="TRUE">\\GEOBOTANY5\H$\usb_drives\ArcticAtlas\CAVM\cavm_test.mdb</srcused><date Sync="TRUE">20050922</date><time Sync="TRUE">07580100</time></procstep></lineage></dataqual><mdContact xmlns=""><rpIndName>Conservation of Arctic Flora and Fauna (CAFF)</rpIndName><rpOrgName>CAFF</rpOrgName><displayName>CAFF</displayName><rpCntInfo xmlns=""><cntAddress addressType=""><eMailAdd>caff@caff.is</eMailAdd></cntAddress><cntOnlineRes xmlns=""><linkage>http:\\www.abds.is</linkage></cntOnlineRes></rpCntInfo><displayName>Conservation of Arctic Flora and Fauna (CAFF)</displayName><role><RoleCd value="003"/></role><displayName>Conservation of Arctic Flora and Fauna (CAFF)</displayName></mdContact><mdMaint xmlns=""><maintFreq><MaintFreqCd value="012"></MaintFreqCd></maintFreq><maintCont xmlns=""><rpIndName>Conservation of Arctic Flora and Fauna (CAFF)</rpIndName><rpOrgName>CAFF</rpOrgName><displayName>CAFF</displayName><rpCntInfo xmlns=""><cntAddress addressType=""><eMailAdd>caff@caff.is</eMailAdd></cntAddress><cntOnlineRes xmlns=""><linkage>http:\\www.abds.is</linkage></cntOnlineRes></rpCntInfo><displayName>Conservation of Arctic Flora and Fauna (CAFF)</displayName><role><RoleCd value="003"/></role><displayName>Conservation of Arctic Flora and Fauna (CAFF)</displayName></maintCont></mdMaint></metadata>
